{"sections":{"image_banner":{"type":"image-banner","blocks":{"heading":{"type":"heading","settings":{"heading":"Gujranwala Sanitary Store","heading_size":"h1"}},"text":{"type":"text","settings":{"text":"Gujranwala sanitry is a name of Trust in Quality sanitary fitting","text_style":"body"}},"button":{"type":"buttons","settings":{"button_label_1":"Shop all","button_link_1":"shopify:\/\/collections\/all","button_style_secondary_1":true,"button_label_2":"","button_link_2":"","button_style_secondary_2":false}}},"block_order":["heading","text","button"],"settings":{"image":"shopify:\/\/shop_images\/20221127_200520.jpg","image_2":"shopify:\/\/shop_images\/20221111_070601.jpg","image_overlay_opacity":50,"image_height":"large","adapt_height_first_image":false,"desktop_content_position":"bottom-center","show_text_box":false,"desktop_content_alignment":"center","color_scheme":"background-1","mobile_content_alignment":"center","stack_images_on_mobile":false,"show_text_below":false}},"rich_text":{"type":"rich-text","blocks":{"heading":{"type":"heading","settings":{"heading":"<p>{{ shop.brand.slogan }}Gujranwala sanitry is a name of Trust in Quality sanitary<br\/>fitting. We are engage in building a bridge between<br\/>Quality and Original Products to end user. by the grace of Allah.<\/p>","heading_size":"h2"}},"text":{"type":"text","disabled":true,"settings":{"text":"<p>Share information about your brand with your customers. Describe a product, make announcements, or welcome customers to your store.<\/p>"}},"15b17347-a3b0-43e4-a466-0dfa36096ecb":{"type":"button","settings":{"button_label":"Visit Facebook  page","button_link":"https:\/\/www.facebook.com\/gujranwalasanitary?mibextid=ZbWKwL","button_style_secondary":false,"button_label_2":"","button_link_2":"","button_style_secondary_2":false}}},"block_order":["heading","text","15b17347-a3b0-43e4-a466-0dfa36096ecb"],"settings":{"desktop_content_position":"center","content_alignment":"center","color_scheme":"background-1","full_width":true,"padding_top":40,"padding_bottom":0}},"featured_collection":{"type":"featured-collection","settings":{"title":"Featured products","heading_size":"h2","description":"","show_description":false,"description_style":"body","collection":"all","products_to_show":8,"columns_desktop":4,"full_width":false,"show_view_all":true,"view_all_style":"solid","enable_desktop_slider":false,"color_scheme":"background-1","image_ratio":"adapt","show_secondary_image":true,"show_vendor":false,"show_rating":false,"enable_quick_add":false,"columns_mobile":"2","swipe_on_mobile":false,"padding_top":28,"padding_bottom":36}},"collage":{"type":"collage","blocks":{"collection-0":{"type":"collection","settings":{"collection":"bath-beauty"}},"product":{"type":"product","settings":{"product":"automatic-hand-dryer","second_image":true}},"collection-1":{"type":"collection","disabled":true,"settings":{"collection":"home-improvement"}}},"block_order":["collection-0","product","collection-1"],"settings":{"heading":"","heading_size":"h2","desktop_layout":"left","mobile_layout":"collage","card_styles":"product-card-wrapper","color_scheme":"background-1","padding_top":36,"padding_bottom":36}},"video":{"type":"video","settings":{"heading":"Porta","heading_size":"h1","cover_image":"shopify:\/\/shop_images\/20221111_185841.jpg","video_url":"https:\/\/youtu.be\/iZaE3AmYokQ","description":"","full_width":false,"color_scheme":"background-1","padding_top":36,"padding_bottom":36}},"multicolumn":{"type":"multicolumn","disabled":true,"blocks":{"column1":{"type":"column","settings":{"title":"Column","text":"<p>Pair text with an image to focus on your chosen product, collection, or blog post. Add details on availability, style, or even provide a review.<\/p>","link_label":"","link":""}},"column2":{"type":"column","settings":{"title":"Column","text":"<p>Pair text with an image to focus on your chosen product, collection, or blog post. Add details on availability, style, or even provide a review.<\/p>","link_label":"","link":""}},"column3":{"type":"column","settings":{"title":"Column","text":"<p>Pair text with an image to focus on your chosen product, collection, or blog post. Add details on availability, style, or even provide a review.<\/p>","link_label":"","link":""}}},"block_order":["column1","column2","column3"],"settings":{"title":"","heading_size":"h1","image_width":"third","image_ratio":"adapt","columns_desktop":3,"column_alignment":"center","background_style":"none","button_label":"","button_link":"","color_scheme":"background-1","columns_mobile":"1","swipe_on_mobile":false,"padding_top":36,"padding_bottom":36}},"877d7ad1-2bae-41c3-bdd6-f049dd6f8d04":{"type":"image-banner","disabled":true,"blocks":{"template--17065030844737__877d7ad1-2bae-41c3-bdd6-f049dd6f8d04-1669478094b3920ffe-0":{"type":"heading","settings":{"heading":"Image banner","heading_size":"h1"}},"template--17065030844737__877d7ad1-2bae-41c3-bdd6-f049dd6f8d04-1669478094b3920ffe-1":{"type":"text","settings":{"text":"Give customers details about the banner image(s) or content on the template.","text_style":"body"}},"template--17065030844737__877d7ad1-2bae-41c3-bdd6-f049dd6f8d04-1669478094b3920ffe-2":{"type":"buttons","settings":{"button_label_1":"Button label","button_link_1":"","button_style_secondary_1":false,"button_label_2":"Button label","button_link_2":"","button_style_secondary_2":false}}},"block_order":["template--17065030844737__877d7ad1-2bae-41c3-bdd6-f049dd6f8d04-1669478094b3920ffe-0","template--17065030844737__877d7ad1-2bae-41c3-bdd6-f049dd6f8d04-1669478094b3920ffe-1","template--17065030844737__877d7ad1-2bae-41c3-bdd6-f049dd6f8d04-1669478094b3920ffe-2"],"settings":{"image_overlay_opacity":0,"image_height":"medium","adapt_height_first_image":false,"desktop_content_position":"middle-center","show_text_box":true,"desktop_content_alignment":"center","color_scheme":"background-1","mobile_content_alignment":"center","stack_images_on_mobile":true,"show_text_below":true}},"9fc11ec1-d654-4983-af98-8f0715ac5af4":{"type":"collage","disabled":true,"blocks":{"template--17065030844737__9fc11ec1-d654-4983-af98-8f0715ac5af4-166947743334c624ab-0":{"type":"video","settings":{"video_url":"https:\/\/www.youtube.com\/watch?v=_9VUPq3SxOc","description":"Describe the video","image_padding":false}},"template--17065030844737__9fc11ec1-d654-4983-af98-8f0715ac5af4-166947743334c624ab-1":{"type":"product","settings":{"product":"","second_image":false}},"template--17065030844737__9fc11ec1-d654-4983-af98-8f0715ac5af4-166947743334c624ab-2":{"type":"collection","settings":{"collection":""}}},"block_order":["template--17065030844737__9fc11ec1-d654-4983-af98-8f0715ac5af4-166947743334c624ab-0","template--17065030844737__9fc11ec1-d654-4983-af98-8f0715ac5af4-166947743334c624ab-1","template--17065030844737__9fc11ec1-d654-4983-af98-8f0715ac5af4-166947743334c624ab-2"],"settings":{"heading":"Multimedia collage","heading_size":"h1","desktop_layout":"left","mobile_layout":"collage","card_styles":"product-card-wrapper","color_scheme":"background-1","padding_top":36,"padding_bottom":36}},"637eb10c-5225-4ba2-9dd5-3716fa470045":{"type":"image-banner","disabled":true,"blocks":{"template--17065030844737__637eb10c-5225-4ba2-9dd5-3716fa470045-1669478094b3920ffe-0":{"type":"heading","settings":{"heading":"Image banner","heading_size":"h1"}},"template--17065030844737__637eb10c-5225-4ba2-9dd5-3716fa470045-1669478094b3920ffe-1":{"type":"text","settings":{"text":"Give customers details about the banner image(s) or content on the template.","text_style":"body"}},"template--17065030844737__637eb10c-5225-4ba2-9dd5-3716fa470045-1669478094b3920ffe-2":{"type":"buttons","settings":{"button_label_1":"Button label","button_link_1":"","button_style_secondary_1":false,"button_label_2":"Button label","button_link_2":"","button_style_secondary_2":false}}},"block_order":["template--17065030844737__637eb10c-5225-4ba2-9dd5-3716fa470045-1669478094b3920ffe-0","template--17065030844737__637eb10c-5225-4ba2-9dd5-3716fa470045-1669478094b3920ffe-1","template--17065030844737__637eb10c-5225-4ba2-9dd5-3716fa470045-1669478094b3920ffe-2"],"settings":{"image_overlay_opacity":0,"image_height":"medium","adapt_height_first_image":false,"desktop_content_position":"middle-center","show_text_box":true,"desktop_content_alignment":"center","color_scheme":"background-1","mobile_content_alignment":"center","stack_images_on_mobile":true,"show_text_below":true}},"e0e8edd3-10ed-4653-82fe-18c1232a1c86":{"type":"featured-product","disabled":true,"blocks":{"template--17065030844737__e0e8edd3-10ed-4653-82fe-18c1232a1c86-1669480055ae379bb9-0":{"type":"text","disabled":true,"settings":{"text":"{{ section.settings.product.vendor }}","text_style":"uppercase"}},"template--17065030844737__e0e8edd3-10ed-4653-82fe-18c1232a1c86-1669480055ae379bb9-1":{"type":"title","disabled":true,"settings":{"heading_size":"h1"}},"template--17065030844737__e0e8edd3-10ed-4653-82fe-18c1232a1c86-1669480055ae379bb9-2":{"type":"price","disabled":true,"settings":{}},"template--17065030844737__e0e8edd3-10ed-4653-82fe-18c1232a1c86-1669480055ae379bb9-3":{"type":"variant_picker","disabled":true,"settings":{"picker_type":"button"}},"template--17065030844737__e0e8edd3-10ed-4653-82fe-18c1232a1c86-1669480055ae379bb9-4":{"type":"quantity_selector","disabled":true,"settings":{}},"template--17065030844737__e0e8edd3-10ed-4653-82fe-18c1232a1c86-1669480055ae379bb9-5":{"type":"buy_buttons","disabled":true,"settings":{"show_dynamic_checkout":true}},"template--17065030844737__e0e8edd3-10ed-4653-82fe-18c1232a1c86-1669480055ae379bb9-6":{"type":"share","disabled":true,"settings":{"share_label":"Share"}}},"block_order":["template--17065030844737__e0e8edd3-10ed-4653-82fe-18c1232a1c86-1669480055ae379bb9-0","template--17065030844737__e0e8edd3-10ed-4653-82fe-18c1232a1c86-1669480055ae379bb9-1","template--17065030844737__e0e8edd3-10ed-4653-82fe-18c1232a1c86-1669480055ae379bb9-2","template--17065030844737__e0e8edd3-10ed-4653-82fe-18c1232a1c86-1669480055ae379bb9-3","template--17065030844737__e0e8edd3-10ed-4653-82fe-18c1232a1c86-1669480055ae379bb9-4","template--17065030844737__e0e8edd3-10ed-4653-82fe-18c1232a1c86-1669480055ae379bb9-5","template--17065030844737__e0e8edd3-10ed-4653-82fe-18c1232a1c86-1669480055ae379bb9-6"],"settings":{"product":"","color_scheme":"background-1","secondary_background":false,"media_position":"left","hide_variants":false,"enable_video_looping":false,"padding_top":36,"padding_bottom":36}}},"order":["image_banner","rich_text","featured_collection","collage","video","multicolumn","877d7ad1-2bae-41c3-bdd6-f049dd6f8d04","9fc11ec1-d654-4983-af98-8f0715ac5af4","637eb10c-5225-4ba2-9dd5-3716fa470045","e0e8edd3-10ed-4653-82fe-18c1232a1c86"]}