{"sections":{"main":{"type":"main-product","blocks":{"vendor":{"type":"text","settings":{"text":"{{ product.vendor }}","text_style":"uppercase"}},"title":{"type":"title","settings":{}},"price":{"type":"price","settings":{}},"variant_picker":{"type":"variant_picker","settings":{"picker_type":"button"}},"quantity_selector":{"type":"quantity_selector","settings":{}},"buy_buttons":{"type":"buy_buttons","settings":{"show_dynamic_checkout":true}},"description":{"type":"description","settings":{}},"collapsible-row-0":{"type":"collapsible_tab","disabled":true,"settings":{"heading":"Materials","icon":"leather","content":"","page":""}},"collapsible-row-1":{"type":"collapsible_tab","disabled":true,"settings":{"heading":"Shipping & Returns","icon":"truck","content":"","page":""}},"collapsible-row-2":{"type":"collapsible_tab","disabled":true,"settings":{"heading":"Dimensions","icon":"ruler","content":"","page":""}},"collapsible-row-3":{"type":"collapsible_tab","disabled":true,"settings":{"heading":"Care Instructions","icon":"heart","content":"","page":""}},"share":{"type":"share","settings":{"share_label":"Share"}},"dcf193de-b05d-48da-9974-2e4944ee46ee":{"type":"shopify:\/\/apps\/product-reviews\/blocks\/reviews\/bae150af-8da8-48b2-9867-398188115e5f","disabled":true,"settings":{}},"b9f38d75-2d68-4ea8-9cb6-bb61e997c544":{"type":"shopify:\/\/apps\/product-reviews\/blocks\/star_rating\/bae150af-8da8-48b2-9867-398188115e5f","disabled":true,"settings":{"stars_fill_color":"#000000","star_size":15,"text_align":"center","product":"{{product}}","stars_text_empty":"No reviews"}},"27a7eb50-9ee6-4b68-939f-7e9b7661cdf5":{"type":"shopify:\/\/apps\/judge-me-product-reviews\/blocks\/review_widget\/61ccd3b1-a9f2-4160-9fe9-4fec8413e5d8","settings":{}},"62647fb5-57c5-4fc8-a3af-607c056ef257":{"type":"shopify:\/\/apps\/judge-me-product-reviews\/blocks\/featured_carousel\/61ccd3b1-a9f2-4160-9fe9-4fec8413e5d8","disabled":true,"settings":{"maxwidth":1080}},"2e05ab73-09af-4799-9205-2547e9f3c9b2":{"type":"shopify:\/\/apps\/judge-me-product-reviews\/blocks\/all_reviews_text\/61ccd3b1-a9f2-4160-9fe9-4fec8413e5d8","disabled":true,"settings":{}},"45133b66-d2c8-4d2d-a0bc-4b7c89947187":{"type":"shopify:\/\/apps\/judge-me-product-reviews\/blocks\/medals\/61ccd3b1-a9f2-4160-9fe9-4fec8413e5d8","disabled":true,"settings":{}},"e5d68ec6-fd25-426b-a6a0-9f9af52fa70a":{"type":"shopify:\/\/apps\/judge-me-product-reviews\/blocks\/verified_badge\/61ccd3b1-a9f2-4160-9fe9-4fec8413e5d8","disabled":true,"settings":{}},"607b232d-4cf4-47f8-9ce1-647d62b76786":{"type":"shopify:\/\/apps\/judge-me-product-reviews\/blocks\/preview_badge\/61ccd3b1-a9f2-4160-9fe9-4fec8413e5d8","disabled":true,"settings":{}},"29959331-67de-427d-ad0a-a0b7015d6941":{"type":"shopify:\/\/apps\/judge-me-product-reviews\/blocks\/ugc_media_grid\/61ccd3b1-a9f2-4160-9fe9-4fec8413e5d8","disabled":true,"settings":{}},"28f7c072-3e37-483e-8c96-117e2de2a9da":{"type":"rating","disabled":true,"settings":{}}},"block_order":["vendor","title","price","variant_picker","quantity_selector","buy_buttons","description","collapsible-row-0","collapsible-row-1","collapsible-row-2","collapsible-row-3","share","dcf193de-b05d-48da-9974-2e4944ee46ee","b9f38d75-2d68-4ea8-9cb6-bb61e997c544","27a7eb50-9ee6-4b68-939f-7e9b7661cdf5","62647fb5-57c5-4fc8-a3af-607c056ef257","2e05ab73-09af-4799-9205-2547e9f3c9b2","45133b66-d2c8-4d2d-a0bc-4b7c89947187","e5d68ec6-fd25-426b-a6a0-9f9af52fa70a","607b232d-4cf4-47f8-9ce1-647d62b76786","29959331-67de-427d-ad0a-a0b7015d6941","28f7c072-3e37-483e-8c96-117e2de2a9da"],"settings":{"enable_sticky_info":true,"media_position":"left","gallery_layout":"stacked","media_size":"large","mobile_thumbnails":"hide","hide_variants":true,"enable_video_looping":false,"padding_top":36,"padding_bottom":12}},"judgeme_section_review_widget_93ae":{"type":"apps","disabled":true,"blocks":{"judgeme_review_widget_21b22d42":{"type":"shopify:\/\/apps\/judge-me-product-reviews\/blocks\/review_widget\/61ccd3b1-a9f2-4160-9fe9-4fec8413e5d8","disabled":true,"settings":{}}},"block_order":["judgeme_review_widget_21b22d42"],"settings":{"include_margins":true}},"image-with-text":{"type":"image-with-text","disabled":true,"blocks":{"image-with-text-0":{"type":"heading","disabled":true,"settings":{"heading":"Image with text","heading_size":"h1"}},"image-with-text-1":{"type":"text","disabled":true,"settings":{"text":"<p>Pair text with an image to focus on your chosen product, collection, or blog post. Add details on availability, style, or even provide a review.<\/p>","text_style":"body"}}},"block_order":["image-with-text-0","image-with-text-1"],"settings":{"height":"small","desktop_image_width":"medium","layout":"text_first","desktop_content_position":"top","desktop_content_alignment":"left","content_layout":"no-overlap","color_scheme":"background-2","mobile_content_alignment":"left","padding_top":36,"padding_bottom":36}},"multicolumn":{"type":"multicolumn","disabled":true,"blocks":{"column-0":{"type":"column","settings":{"title":"Free Shipping","text":"<p>Pair text with an image to focus on your chosen product, collection, or blog post. Add details on availability, style, or even provide a review.<\/p>","link_label":"","link":""}},"column-1":{"type":"column","settings":{"title":"Hassle-Free Exchanges","text":"<p>Pair text with an image to focus on your chosen product, collection, or blog post. Add details on availability, style, or even provide a review.<\/p>","link_label":"","link":""}}},"block_order":["column-0","column-1"],"settings":{"title":"","heading_size":"h1","image_width":"full","image_ratio":"adapt","columns_desktop":2,"column_alignment":"left","background_style":"none","button_label":"","button_link":"","color_scheme":"background-1","columns_mobile":"1","swipe_on_mobile":false,"padding_top":36,"padding_bottom":36}},"product-recommendations":{"type":"product-recommendations","settings":{"heading":"You may also like","heading_size":"h2","products_to_show":4,"columns_desktop":4,"color_scheme":"background-1","image_ratio":"square","show_secondary_image":true,"show_vendor":false,"show_rating":false,"columns_mobile":"2","padding_top":36,"padding_bottom":28}}},"order":["main","judgeme_section_review_widget_93ae","image-with-text","multicolumn","product-recommendations"]}